Akira,Fudo,akira@fudo.com,Brazil
Alexa,Jones,alexa@jones.com,Brazil
Alice,Cooper,alice@cooper.com,Brazil
Anna,Frank,anna@frank.com,Brazil
Arthur,Pendragon,arthur@pendragon.com,Brazil
Blue,Demon,blue@demon.com,Brazil
Bob,Marley,bob@marley.com,Brazil
Bob,Sponge,bob@sponge.com,Brazil
Bugs,Bunny,bugs@bunny.com,Brazil
Cat,Stevens,cat@stevens.com,Brazil
Carl,Sagan,carl@sagan.com,Brazil
Cesare,Borgia,cesare@borgia.com,Brazil
Charles,Barkley,charles@barkley.com,Brazil
Claire,Fraser,claire@fraser.com,Brazil
Damian,Lewis,damian@lewis.com,Brazil
David,Copperfield,david@copperfield.com,Brazil
Diana,Ross,diana@ross.com,Brazil
El,Santo,el@santo.com,Brazil
Elthon,John,elthon@john.com,Brazil
Felix,Faust,felix@faust.com,Brazil
Frogo,Baggins,frogo@baggins.com,Brazil
Gary,Grice,gary@grice.com,Brazil
Gast,Carcohl,gast@carcohl.com,Brazil
Gerard,Way,gerard@way.com,Brazil
Hercule,Poirot,hercule@poirot.com,Brazil
Hideo,Kojima,hideo@kojima.com,Brazil
Hudson,Bay,hudson@bay.com,Brazil
Isaac,Newton,issac@newton.com,Brazil
Jack,Frost,jack@frost.com,Brazil
Jay,Walker,jay@walker.com,Brazil
Joe,Thornton,joe@thornton.com,Brazil
John,Milton,john@milton.com,Brazil
John,Sheppard,john@sheppard.com,Brazil
John,Wick,john@wick.com,Brazil
Johnny,Thunder,johnny@thunder.com,Brazil
Kim,Bolan,kim@bolan.com,Brazil
Lady,Gaga,lady@gagacom
Larry,Bird,larry@bird.com,Brazil
Luke,Cage,luke@cage.com,Brazil
Megan,Fox,megan@fox.com,Brazil
Michael,Jordan,michael@jordan.com,Brazil
Mick,Jagger,mick@jagger.com,Brazil
Natalie,Portman,natalie@portman.com,Brazil
Nelson,Mandela,nelson@mandela.com,Brazil
Oscar,Wilde,oscar@wilde.com,Brazil
Pau,Gasol,pau@gasol.com,Brazil
Paul,Atreides,paul@atreides.com,Brazil
Pete,Davidson,pete@davidson.com,Brazil
Pippin,Reed,pippin@reed.com,Brazil
Rami,Malek,rami@malek.com,Brazil
Ray,Hagins,ray@hagins.com,Brazil
Red,Robin,red@robin.com,Brazil
Rene,Descartes,rene@descartes.com,Brazil
Rick,Devens,rick@devens.com,Brazil
Roger,Federer,roger@federer.com,Brazil
Roger,Waters,roger@waters.com,Brazil
Ruby,Rose,ruby@rose.com,Brazil
Sarah,Paulson,sarah@paulson.com,Brazil
Seth,Curry,seth@curry.com,Brazil
Shoji,Meguro,shoji@meguro.com,Brazil
Sidney,Crosby,sidney@crosby.com,Brazil
Simon,Giha,simon@giha.com,Brazil
Solid,Snake,solid@snake.com,Brazil
Son,Goku,son@goku.com,Brazil
Sophie,Turner,sophie@turner.com,Brazil
Stefan,Molyneux,stefan@molyneux.com,Brazil
Super,Mario,super@mario.com,Brazil
Taylor,Swift,taylor@swift.com,Brazil
Terry,Crews,terry@crews.com,Brazil
Thomas,Anderson,thomas@andersom.com,Brazil
Tom,Sawyer,tom@sawyer.com,Brazil
Trevant,Hardson,trevant@hardson.com,Brazil
Usain,Bolt,usain@bolt.com,Brazil